{
  "id": "petal_b",
  "originalSize": {
    "width": 512,
    "height": 512
  },
  "size": {
    "width": 93,
    "height": 70
  },
  "trim": {
    "left": 208,
    "top": 219,
    "width": 93,
    "height": 70
  },
  "pivot": [
    0.5161290322580645,
    0.5285714285714286
  ],
  "unityPivot": [
    0.5161290322580645,
    0.4714285714285714
  ],
  "cutoutApplied": true,
  "source": "cardgen/elements/raw/petal_b.png"
}
